Project;ncommits;nauthors;from;to;nstars;nforks;lastGHCommitDate;LongestGapStart (YYYY-MM);LongestGapEnd (YYYY-MM);LongestGapLength (months);NumCommitsAfterLastGap;NumberOfGapsInTimeline;ActivityPattern;BeforeThemes;AfterThemes;HypothesizedGapReason;HasRecovered;WhyRecovered;WhoRecovered;Currentstatus;RecentThemes;Notes
cannylab_tsne-cuda;485;11;1521854093;1732457883;1958;138;2026-07-22;2022-04;2023-06;15;14;7;declining;Documentation updates:Bug fixes;Feature development:Documentation updates;"Hypothesis: maintenance paused after packaging, installation, and documentation work. No adjacent commit states a reason; GitHub issues #111-#124 around the interval report CUDA, wheel-download, and installation failures.";Yes;The first post-gap commits add CUDA 12.x and SYCL support and update the README, consistent with renewed platform-compatibility work.;"Overlapping contributor: David Chan appears before the gap and DavidMChan appears after it; Golam Rabban also contributes after the gap.";Inactive;Release:Bug fixes;"The longest gap was 15 months (2022-04 to 2023-06). Hypothesis: maintenance paused after packaging, installation, and documentation work. No adjacent commit states a reason; GitHub issues #111-#124 around the interval report CUDA, wheel-download, and installation failures. The first post-gap commits add CUDA 12.x and SYCL support and update the README, consistent with renewed platform-compatibility work."
cesiumgs_3d-tiles;2579;64;1433503403;1757278627;2614;504;2026-09-30;2023-07;2023-09;3;82;2;declining;Feature development:Documentation updates;Documentation updates:Feature development;Hypothesis: the short three-month pause followed the 3D Tiles 1.1 merge and specification-documentation work. The adjacent commit messages and the retrieved nearby GitHub issues/PRs do not state an inactivity reason.;Yes;Activity resumed with specification wording fixes, generated-file updates, and resource updates.;New contributors are visible in the post-gap sample, including Erik Dahlström, rather than the pre-gap sample's authors.;Active;Bug fixes:Documentation updates;The longest gap was 3 months (2023-07 to 2023-09). Hypothesis: the short three-month pause followed the 3D Tiles 1.1 merge and specification-documentation work. The adjacent commit messages and the retrieved nearby GitHub issues/PRs do not state an inactivity reason. Activity resumed with specification wording fixes, generated-file updates, and resource updates.
ecshackweek_impedance.py;1006;60;1526508236;1776216561;299;124;2026-04-10;2023-08;2024-05;10;102;7;declining;Dependency updates:Release;Feature development:Bug fixes;Hypothesis: routine maintenance slowed after Python-version and packaging updates. The nearby issue tracker remains active with bug and feature requests, including #265, #266, #267, #268, and #294, so the gap is not evidence that user demand disappeared.;Yes;"The first post-gap work adds Ivium-file support, examples, NumPy 2.0 compatibility, and test fixes; PR #294 also requests Ivium support.";The post-gap sample is led by Alejandro Gutiérrez and other contributors, rather than the pre-gap sample's Mattias Sjödin.;Inactive;Bug fixes:Dependency updates;"The longest gap was 10 months (2023-08 to 2024-05). Hypothesis: routine maintenance slowed after Python-version and packaging updates. The nearby issue tracker remains active with bug and feature requests, including #265, #266, #267, #268, and #294, so the gap is not evidence that user demand disappeared. The first post-gap work adds Ivium-file support, examples, NumPy 2.0 compatibility, and test fixes; PR #294 also requests Ivium support."
grimbough_rhdf5lib;492;24;1499419330;1762047875;7;14;2026-06-16;2024-05;2024-09;5;28;4;irregular;Automated bot contributions:Release;Release:Documentation updates;"Hypothesis: a release-cycle pause followed workflow and version maintenance. No adjacent commit explicitly explains it; the only nearby issue concerns installing a dependent package on Linux.";Yes;Post-gap commits immediately resume release-version changes, installation documentation, and a CMake build-process change.;Overlapping contributors: J. Wokaty appears in both samples, with additional post-gap work by A. Wokaty.;Active;Automated bot contributions:Other;"The longest gap was 5 months (2024-05 to 2024-09). Hypothesis: a release-cycle pause followed workflow and version maintenance. No adjacent commit explicitly explains it; the only nearby issue concerns installing a dependent package on Linux. Post-gap commits immediately resume release-version changes, installation documentation, and a CMake build-process change."
jmchandonia_coral;4184;9;1528937748;1775861165;8;3;2026-10-01;2023-06;2024-09;16;108;4;declining;Bug fixes:Documentation updates;Feature development:Documentation updates;Hypothesis: the project paused after reindexing and API-compatibility fixes. No adjacent commit, nearby GitHub issue/PR, or README text states a cause for the 16-month gap.;Yes;The first post-gap commits add data types and sample data, update Flask compatibility, and revise installation instructions.;The same contributor, John-Marc Chandonia, authored both the pre-gap and post-gap samples.;Active;Feature development:Other;The longest gap was 16 months (2023-06 to 2024-09). Hypothesis: the project paused after reindexing and API-compatibility fixes. No adjacent commit, nearby GitHub issue/PR, or README text states a cause for the 16-month gap. The first post-gap commits add data types and sample data, update Flask compatibility, and revise installation instructions.
kbarbary_sep;452;34;1394735767;1770115011;210;68;2025-02-18;2023-03;2023-10;8;93;11;irregular;Dependency updates:Bug fixes;Feature development:Bug fixes;Hypothesis: maintenance was episodic after a Python 3.10/aarch64 compatibility release. Nearby PR #153 requests Python 3.11/3.12 support and PR #146 fixes threshold behavior, but neither states why development paused.;Yes;Work resumed with Python 3.12 and GitHub Actions support, followed by segmentation-map features and bug fixes.;The post-gap sample is led by Peter Watson, while Bookaflok and other contributors appear before the gap.;Inactive;Documentation updates:Bug fixes;The longest gap was 8 months (2023-03 to 2023-10). Hypothesis: maintenance was episodic after a Python 3.10/aarch64 compatibility release. Nearby PR #153 requests Python 3.11/3.12 support and PR #146 fixes threshold behavior, but neither states why development paused. Work resumed with Python 3.12 and GitHub Actions support, followed by segmentation-map features and bug fixes.
luispedro_mahotas;1497;50;1218575941;1755596152;890;150;2026-09-23;2008-09;2009-03;7;1467;8;declining;Feature development:Bug fixes;Feature development:Bug fixes;Hypothesis: this early seven-month gap reflects an interruption in the project's initial development rather than a documented abandonment. The adjacent SVN-import commit messages contain no explanation, and no nearby GitHub issue/PR evidence exists for that period.;Yes;Post-gap commits resume tests, type fixes, and new image-processing functionality.;The same principal contributor, Luís Pedro Coelho, appears before and after the gap under closely related author identities.;Active;Feature development:Bug fixes;The longest gap was 7 months (2008-09 to 2009-03). Hypothesis: this early seven-month gap reflects an interruption in the project's initial development rather than a documented abandonment. The adjacent SVN-import commit messages contain no explanation, and no nearby GitHub issue/PR evidence exists for that period. Post-gap commits resume tests, type fixes, and new image-processing functionality.
mouseland_rastermap;389;13;1528984563;1743788307;257;56;2025-04-04;2021-11;2022-04;6;94;7;irregular;Feature development:Other;Feature development:Bug fixes;"Hypothesis: development paused after GUI and data-loader additions. There is no stated reason in adjacent commits; nearby issue #12 asks about clustering and PR #13 fixes the tutorial notebook.";Yes;Post-gap activity starts with tutorial and environment fixes, then expands the GUI and 3D viewer.;Carsen Stringer appears in both samples, alongside additional post-gap contributors.;Active;Documentation updates:Bug fixes;"The longest gap was 6 months (2021-11 to 2022-04). Hypothesis: development paused after GUI and data-loader additions. There is no stated reason in adjacent commits; nearby issue #12 asks about clustering and PR #13 fixes the tutorial notebook. Post-gap activity starts with tutorial and environment fixes, then expands the GUI and 3D viewer."
sentinel-hub_sentinelhub-py;2326;74;1495023000;1759849762;909;255;2026-09-16;2025-04;2025-08;5;34;3;declining;Bug fixes:Documentation updates;Bug fixes:Documentation updates;Hypothesis: the gap follows configuration and type-checking maintenance. Nearby PRs #562-#571 show continuing release preparation, test changes, and feature work, but do not give a direct explanation for the pause.;Yes;The first post-gap commits repair tests and documentation after API and notebook changes, followed by release work.;Overlapping contributors: Matic Lubej is present before and after the gap, with Žiga Lukšič also contributing after it.;Active;Release:Bug fixes;The longest gap was 5 months (2025-04 to 2025-08). Hypothesis: the gap follows configuration and type-checking maintenance. Nearby PRs #562-#571 show continuing release preparation, test changes, and feature work, but do not give a direct explanation for the pause. The first post-gap commits repair tests and documentation after API and notebook changes, followed by release work.
volkamerlab_opencadd;1411;29;1580728313;1759424604;111;26;2025-04-16;2024-03;2025-01;11;13;3;declining;Automated bot contributions:Bug fixes;Automated bot contributions:Other;Hypothesis: the gap follows CI, formatting, and compatibility maintenance. Nearby issues #158, #159, #161, and #163 report import, deprecated-download, dependency, and superposition problems, but none explains the inactivity itself.;Yes;"The first post-gap commits focus on CI workflow changes, source updates, and GitHub Actions maintenance; PR #162 adds a manual CI trigger.";The same contributor appears under the related identities Armin Ariamajd and AAriam (the same GitHub noreply address) before and after the gap.;Active;Automated bot contributions:Other;"The longest gap was 11 months (2024-03 to 2025-01). Hypothesis: the gap follows CI, formatting, and compatibility maintenance. Nearby issues #158, #159, #161, and #163 report import, deprecated-download, dependency, and superposition problems, but none explains the inactivity itself. The first post-gap commits focus on CI workflow changes, source updates, and GitHub Actions maintenance; PR #162 adds a manual CI trigger."
