Month;#Commits
2020-02;2
2020-03;42
2020-04;93
2020-05;38
2020-06;12
2020-07;0
2020-08;172
2020-09;91
2020-10;65
2020-11;27
2020-12;111
2021-01;20
2021-02;12
2021-03;3
2021-04;16
2021-05;29
2021-06;8
2021-07;17
2021-08;15
2021-09;80
2021-10;45
2021-11;53
2021-12;54
2022-01;9
2022-02;8
2022-03;1
2022-04;1
2022-05;2
2022-06;3
2022-07;9
2022-08;4
2022-09;0
2022-10;0
2022-11;73
2022-12;44
2023-01;68
2023-02;51
2023-03;24
2023-04;27
2023-05;55
2023-06;6
2023-07;0
2023-08;0
2023-09;0
2023-10;0
2023-11;0
2023-12;0
2024-01;4
2024-02;4
2024-03;0
2024-04;0
2024-05;0
2024-06;0
2024-07;0
2024-08;0
2024-09;0
2024-10;0
2024-11;0
2024-12;0
2025-01;0
2025-02;1
2025-03;8
2025-04;2
2025-05;0
2025-06;0
2025-07;0
2025-08;0
2025-09;0
2025-10;2
