project_wocid;number_of_commits;number_of_authors;max_time;min_time;max_time_utc;min_time_utc;github_repository;stars;forks;last_commit_date
cannylab_tsne-cuda;485;11;1732457883;1521854093;2024-11-24 14:18:03+00:00;2018-03-24 01:14:53+00:00;CannyLab/tsne-cuda;1958;138;2026-07-22
cesiumgs_3d-tiles;2579;64;1757278627;1433503403;2025-09-07 20:57:07+00:00;2015-06-05 11:23:23+00:00;CesiumGS/3d-tiles;2614;504;2026-09-30
ecshackweek_impedance.py;1006;60;1776216561;1526508236;2026-04-15 01:29:21+00:00;2018-05-16 22:03:56+00:00;ECSHackWeek/impedance.py;299;124;2026-04-10
grimbough_rhdf5lib;492;24;1762047875;1499419330;2025-11-02 01:44:35+00:00;2017-07-07 09:22:10+00:00;grimbough/Rhdf5lib;7;14;2026-06-16
jmchandonia_coral;4184;9;1775861165;1528937748;2026-04-10 22:46:05+00:00;2018-06-14 00:55:48+00:00;jmchandonia/CORAL;8;3;2026-10-01
kbarbary_sep;452;34;1770115011;1394735767;2026-02-03 10:36:51+00:00;2014-03-13 18:36:07+00:00;kbarbary/sep;210;68;2025-02-18
luispedro_mahotas;1497;50;1755596152;1218575941;2025-08-19 09:35:52+00:00;2008-08-12 21:19:01+00:00;luispedro/mahotas;890;150;2026-09-23
mouseland_rastermap;389;13;1743788307;1528984563;2025-04-04 17:38:27+00:00;2018-06-14 13:56:03+00:00;MouseLand/rastermap;257;56;2025-04-04
sentinel-hub_sentinelhub-py;2326;74;1759849762;1495023000;2025-10-07 15:09:22+00:00;2017-05-17 12:10:00+00:00;sentinel-hub/sentinelhub-py;909;255;2026-09-16
volkamerlab_opencadd;1411;29;1759424604;1580728313;2025-10-02 17:03:24+00:00;2020-02-03 11:11:53+00:00;volkamerlab/opencadd;111;26;2025-04-16
