pre/post;prj;commit;author;time;message
pre;cannylab_tsne-cuda;8bbd15347b485ef0418333da9405b393e8bb871a;DavidMChan <david@iridescent.io>;1625785617;"Updated the installation instructions and packaging process slightly
"
pre;cannylab_tsne-cuda;5b3cc7a7716c1299db10f70508ba8e95a56753e3;David Chan <DavidMChan@users.noreply.github.com>;1625938376;Update README.md
pre;cannylab_tsne-cuda;b740a7d46a07ca9415f072001839fb66a582a3fa;David Chan <DavidMChan@users.noreply.github.com>;1626117839;Fix bug with pip whl links
pre;cannylab_tsne-cuda;96b85d1a7cf124afc1106c0684c5d2a3a569f8cf;DavidMChan <david@iridescent.io>;1639098424;"Updated code to clear incorrect FAISS requirement
"
pre;cannylab_tsne-cuda;1249ee9b6e94926b119ebe75d1585379d657a712;DavidMChan <david@iridescent.io>;1639098947;"Remove setuptools dependency
"
pre;cannylab_tsne-cuda;7bdfc7cea839b82185dfa418dd4e3eef6d372457;DavidMChan <david@iridescent.io>;1639099591;"Merge branch 'master' of https://github.com/CannyLab/tsne-cuda
"
pre;cannylab_tsne-cuda;6bb89c3121b6354895d39187f4a5fb66b43de5bd;DavidMChan <david@iridescent.io>;1639099627;"Fixed bugs with write_python_version_string.cmake
"
pre;cannylab_tsne-cuda;6a85dad7aab1c47beb9c0d91b377dddbfce10395;DavidMChan <david@iridescent.io>;1644275049;"Adjusted packaging for 3.0.1
"
pre;cannylab_tsne-cuda;18442dd1f9e05fb5300f6811b65f329e8f996e39;David Chan <DavidMChan@users.noreply.github.com>;1648514543;Update INSTALL.md
pre;cannylab_tsne-cuda;e565c6bdeae4b15d3b5c3b490e3bee569305f505;David Chan <DavidMChan@users.noreply.github.com>;1648514729;Update README.md
post;cannylab_tsne-cuda;603c54b4de439a0d0b7cb19ec1c4a6ba6018ade9;DavidMChan <david@iridescent.io>;1689974847;"Bump version, add (initial) support for CUDA 12.x
"
post;cannylab_tsne-cuda;2dad49713ba451c0953b646a85ac2567b5d1070e;DavidMChan <david@iridescent.io>;1689975357;"Updated README
"
post;cannylab_tsne-cuda;ae2d65d24cfa4a46db7fba3aec5d99048237864e;Rabbani, Golam <golam.rabbani@intel.com>;1694636044;"add SYCL version
"
post;cannylab_tsne-cuda;fd7b109db9b7f3e89407b291f9fc3989e1dc15c5;Golam Rabbani <golam.rabbani@intel.com>;1694636527;"Merge ae2d65d24cfa4a46db7fba3aec5d99048237864e into 2dad49713ba451c0953b646a85ac2567b5d1070e
"
post;cannylab_tsne-cuda;595eb78f76fcf7726cbc42b35edeb7336f3b63d2;Michael Tkachuk <mykhail.tkachuk@gmail.com>;1707683668;"init
"
post;cannylab_tsne-cuda;50900b5e6bcf566937ba679127bfbb6d79365086;Michael Tkachuk <mykhail.tkachuk@gmail.com>;1707769213;"working
"
post;cannylab_tsne-cuda;371091ff4a2970e557a606d9f62f8970cbbed5d2;Michael Tkachuk <61463055+MikeTkachuk@users.noreply.github.com>;1707770015;Delete CMakeSettings.json
post;cannylab_tsne-cuda;2487070473aac108f9fa23e81610523318534ce4;Michael Tkachuk <61463055+MikeTkachuk@users.noreply.github.com>;1707770018;"Merge 371091ff4a2970e557a606d9f62f8970cbbed5d2 into 2dad49713ba451c0953b646a85ac2567b5d1070e
"
post;cannylab_tsne-cuda;b24b51c0678a78724c3e372a282cd12eb38ddc27;Michael Tkachuk <61463055+MikeTkachuk@users.noreply.github.com>;1712356095;Update windows.txt
post;cannylab_tsne-cuda;1b6dcbb8bff9aedf3a5df95af59afff1625d8afb;Michael Tkachuk <61463055+MikeTkachuk@users.noreply.github.com>;1712356098;"Merge b24b51c0678a78724c3e372a282cd12eb38ddc27 into 2dad49713ba451c0953b646a85ac2567b5d1070e
"
pre;cesiumgs_3d-tiles;a2a25364c155f11a13c19d1e7dabf68be0add172;Sean Lilley <lilleyse@gmail.com>;1685985774;"Merge pull request #742 from CesiumGS/draft-1.1-prepare-merge

Prepare merge of draft 1.1 into main"
pre;cesiumgs_3d-tiles;26dfe032ed3ccded8fdf0ee207a11183c544fc72;Marco Hutter <github@marco-hutter.de>;1685989439;"Merge pull request #666 from CesiumGS/draft-1.1

Updates for 3D Tiles 1.1"
pre;cesiumgs_3d-tiles;62832c3d8294e2c530ac928f6ef4ccc62f4d176f;Marco Hutter <javagl@javagl.de>;1685993944;"Update 'draft-1.1' to 'main' in links
"
pre;cesiumgs_3d-tiles;3c972d6e5fdea721039f64d7da16274605abcdf5;Sean Lilley <lilleyse@gmail.com>;1685994048;"Merge pull request #743 from CesiumGS/update-draft-1.1-links

Update 'draft-1.1' to 'main' in links"
pre;cesiumgs_3d-tiles;1260dbc50d7a218c065b925ce866749c9a0972b5;Marco Hutter <javagl@javagl.de>;1686140766;"Update RESOURCES.md
"
pre;cesiumgs_3d-tiles;7f4d69a92888cb5e552aa58f964180318a1980d9;Sean Lilley <lilleyse@gmail.com>;1686142458;"Merge pull request #744 from CesiumGS/update-resources-2023-06-07

Update RESOURCES.md, 2023-06-07"
pre;cesiumgs_3d-tiles;595925c4a3d81a456ba83f4f2b96a0f5b76d7cfe;Dave Buchhofer <dbuchhofer@gmail.com>;1686251224;"Add matterport to resources.md

Matterport has been creating and serving 3d-tiles tilesets for all scanned spaces since late 2022, thanks! At many millions of weekly views, is it time to add a link to resources?"
pre;cesiumgs_3d-tiles;b8ff4557f5788f036894417619b109ac3507f73b;Marco Hutter <github@marco-hutter.de>;1686314512;"Merge pull request #745 from dbuck/patch-2

Add matterport to resources.md"
pre;cesiumgs_3d-tiles;654e35a874c05462934062c0189ac801c55d4c09;Marco Hutter <javagl@javagl.de>;1687528985;"Fix typo in TileFormats glTF section
"
pre;cesiumgs_3d-tiles;8e5e67e078850cc8ce15bd1873fe54f11bbee02f;Sean Lilley <lilleyse@gmail.com>;1687530561;"Merge pull request #749 from CesiumGS/fix-tile-formats-typo

Fix typo in TileFormats glTF section"
post;cesiumgs_3d-tiles;89767dfdb5bc79f89b0dc5d60693563072991d76;Marco Hutter <javagl@javagl.de>;1697483010;"Fix wording in description for tile children
"
post;cesiumgs_3d-tiles;fc2d0a6c23ab236e268b285f4fe683b28380c8aa;Marco Hutter <javagl@javagl.de>;1697483792;"Update README and auto-generated files
"
post;cesiumgs_3d-tiles;ed734f57fbd1736ef832fb8c51c729dc9f0be708;Marco Hutter <javagl@javagl.de>;1697484140;"Fix description of property values
"
post;cesiumgs_3d-tiles;15ba93663a615e1b39da8f5187a750f641d2d7c8;Sean Lilley <lilleyse@gmail.com>;1697484460;"Merge pull request #753 from CesiumGS/fix-empty-children-arrays

Fix wording in description for tile children"
post;cesiumgs_3d-tiles;a4cc41b10e7c82178dd2a3195a0aa91ce130828d;Marco Hutter <javagl@javagl.de>;1698503823;"Update RESOURCES.md

- Update 3d-tiles-validator
- Add 3d-tiles-tools
- Add mapbox_3dtiles_samples (+ blog post link)
- Add basemap.de
"
post;cesiumgs_3d-tiles;57d6536e3af08da4354f6fbbd83ee10c14af0879;Sean Lilley <lilleyse@gmail.com>;1698676855;"Merge pull request #754 from CesiumGS/update-resources-2023-10

Update RESOURCES.md, 2023-10"
post;cesiumgs_3d-tiles;a796b09a29dfd99015d7073817abf81c02617f10;Erik Dahlström <121341+erikdahlstrom@users.noreply.github.com>;1708505607;"Merge a11e967c0cbd5d28e1c9eec9a2a8145f3b11907f into 57d6536e3af08da4354f6fbbd83ee10c14af0879
"
post;cesiumgs_3d-tiles;eccc2ce910e21a027aa0d3ebc1b76379f480414c;Erik Dahlström <121341+erikdahlstrom@users.noreply.github.com>;1708629537;"Merge 77bdb87ba0156515d4d390084b635247c28545fa into 57d6536e3af08da4354f6fbbd83ee10c14af0879
"
post;cesiumgs_3d-tiles;fdc32493eed59e648fe9f62c32aadfd9d2fabe9b;Marco Hutter <javagl@javagl.de>;1711377857;"Clarification for tile data and glTF data alignments
"
post;cesiumgs_3d-tiles;cac8403f8665e7a1e20264e589d854cef257aeb0;Sean Lilley <lilleyse@gmail.com>;1711379202;"Merge pull request #759 from CesiumGS/glb-padding-clarification

Clarification for tile data and glTF data alignments"
pre;ecshackweek_impedance.py;385f69e897f242415990013cb9c2074e1b61ec5c;Mattias Sjödin <mattias.sjodin@northvolt.com>;1689364008;"nit: ref github actions inputs variable
"
pre;ecshackweek_impedance.py;40c613f70054f19b2fa93b6828adee907c489857;Mattias Sjödin <mattias.sjodin@northvolt.com>;1689364228;"maint: python 3.8.1 and add flake8 to pyproject dev
"
pre;ecshackweek_impedance.py;fb5da5c32f2e0cf6609f93b1b85d5f7a66a8e25f;Mattias Sjödin <mattias.sjodin@northvolt.com>;1689364460;"maint: update python3.8 in README
"
pre;ecshackweek_impedance.py;10805e8a3ffe9f0f4f06440900f79c658ab15236;Mattias Sjödin <mattias.sjodin@northvolt.com>;1689364685;"maint: fix flake8 issues
"
pre;ecshackweek_impedance.py;b4c82fb1c3a91918e0c7d47f2c1b3ebe113e5f62;Mattias Sjödin <mattias.sjodin@northvolt.com>;1689366207;"refactor: add --verbose to poetry install
"
pre;ecshackweek_impedance.py;f5f8c6511c5b624c753307454491cfe32c2199c3;Mattias Sjödin <mattias.sjodin@northvolt.com>;1689366821;"refactor: use poetry build and add more metadata to pyproject
"
pre;ecshackweek_impedance.py;ae34119ffb2e2e8cdc0d3d67232994acf0f0d2a6;Mattias Sjödin <mattias.sjodin@northvolt.com>;1689528506;"janitor: remove setup.py
"
pre;ecshackweek_impedance.py;c8b3ac01a7339abcf687a24c64bb72b98d9dc09a;Mattias Sjödin <mattias.sjodin@northvolt.com>;1689528530;"refactor: rename pyproject.name impedance.py -> impedance
"
pre;ecshackweek_impedance.py;aae2601fe98a496cd25ead6f56a3829f637296a6;Mattias Sjödin <mattias.sjodin@northvolt.com>;1689528541;"maint: bump 1.7.1 -> 1.8.0
"
pre;ecshackweek_impedance.py;08cc640e10a878659f9674aadffceddb68df4b2f;Mattias Sjödin <mattias.sjodin@northvolt.com>;1689528655;"maint: bump README Altair 3.0 -> 4.2
"
post;ecshackweek_impedance.py;23ec61ec733ace678b24023ab832ba910d39bcfc;Alejandro Gutiérrez <npdsolutions@gmail.com>;1719495959;"feat(preprocessing): Adds readIvium function to support Ivium .idf files
"
post;ecshackweek_impedance.py;1151106ec8dd5e6f76867f72bd72fb930b5836b8;allcontributors[bot] <46447321+allcontributors[bot]@users.noreply.github.com>;1719497922;docs: update README.md [skip ci]
post;ecshackweek_impedance.py;074c68ee5e5f463866fb2f7aec0b549973b39122;allcontributors[bot] <46447321+allcontributors[bot]@users.noreply.github.com>;1719497923;docs: update .all-contributorsrc [skip ci]
post;ecshackweek_impedance.py;cf2b18ea841d4f5f86061c11f13d10142bab7d8f;Alejandro Gutiérrez <npdsolutions@gmail.com>;1719595654;"adds Ivium data example
"
post;ecshackweek_impedance.py;e3413a065c0e872f49000cdedc6bbe21d8b1f354;Amin Sadeghi <amin.sadeghi@live.com>;1721676174;Fix NumPy 2.0 compatibility until fixed upstream
post;ecshackweek_impedance.py;4333007118117d7c3fdbc7ceb279f5dbb71bd744;Brian Gerwe <brian.s.gerwe@gmail.com>;1723059736;"change eval_linKK to f-strings and add numpy to global circuit_elements to fix numpy change to scalar representation
"
post;ecshackweek_impedance.py;e8501751b21b5056233bdf6547db150519cdff69;Brian Gerwe <brian.s.gerwe@gmail.com>;1723059782;"fix tests
"
post;ecshackweek_impedance.py;f93ca726ed72bb974b329f960f83eff8e9b9f165;Brian Gerwe <brian.s.gerwe@gmail.com>;1723060448;"add readthedocs template
"
post;ecshackweek_impedance.py;0ac7c14c306de27510491499e9b65c4b46e040aa;Brian Gerwe <brian.s.gerwe@gmail.com>;1723060674;"fix flake8
"
post;ecshackweek_impedance.py;8c901bdedcb4780449ea132b51ab76760448138f;Brian Gerwe <brian.s.gerwe@gmail.com>;1723061875;"fix overflow catching
"
pre;grimbough_rhdf5lib;cc47c6b1a38bbcca7fb003b1dc1c06feec474c3d;Mike Smith <grimbough@gmail.com>;1712134180;"Add aarch64 workflow and patch
"
pre;grimbough_rhdf5lib;9f5dd4a0d091756f3ba6a70599e360fc5657597e;Mike Smith <grimbough@gmail.com>;1712134717;"wrong stuff
"
pre;grimbough_rhdf5lib;f9513454ddd1123ed9abe6614044d093b1a0fd31;Mike Smith <grimbough@gmail.com>;1712138800;Add .circleci/config.yml
pre;grimbough_rhdf5lib;f6026d6cb0b9227fe54a158600e4750e72ccaa0a;Mike Smith <grimbough@gmail.com>;1712156113;"Add linux arm64 workflow
"
pre;grimbough_rhdf5lib;b8b5ff2a9f4f364ea84863a80009c3a8350699b8;Mike Smith <grimbough@gmail.com>;1712156623;"Update workflows
"
pre;grimbough_rhdf5lib;f93f83f42f9f858df81e397ac5e49aad3cc04cc5;Mike Smith <grimbough@gmail.com>;1712235888;"Update workflow to use node20 actions
"
pre;grimbough_rhdf5lib;a8b4761da62e81059f8b83528d55d995f1aaa3c3;Mike Smith <grimbough@gmail.com>;1712235895;"Update news
"
pre;grimbough_rhdf5lib;43b8c58e210eb197971d824b66a6e33474928a63;Mike Smith <grimbough@gmail.com>;1712235903;"Version bump
"
pre;grimbough_rhdf5lib;9755392be030de6749f3c34ced23367cf936b00a;J Wokaty <jwokaty@users.noreply.github.com>;1714489126;"bump x.y.z version to even y prior to creation of RELEASE_3_19 branch
"
pre;grimbough_rhdf5lib;84f4182a4688866c9b8e7912e8dac7139129cebf;J Wokaty <jwokaty@users.noreply.github.com>;1714489127;"bump x.y.z version to odd y following creation of RELEASE_3_19 branch
"
post;grimbough_rhdf5lib;f37cb76cbc278ca63dc7718005ac278fbec4856d;J Wokaty <jennifer.wokaty@sph.cuny.edu>;1730211614;"bump x.y.z version to even y prior to creation of RELEASE_3_20 branch
"
post;grimbough_rhdf5lib;d7c4f89c28e77ad22951e511d3449e66dcfc6836;J Wokaty <jennifer.wokaty@sph.cuny.edu>;1730211614;"bump x.y.z version to odd y following creation of RELEASE_3_20 branch
"
post;grimbough_rhdf5lib;4ee7a1cac1a24b148ec1676c535418c830999171;Shian Su <contact.shian.su+github@gmail.com>;1736911842;"Update Rhdf5lib.Rmd

Added more explicit mention of PKG_CXX_LIBS"
post;grimbough_rhdf5lib;e02030e14a939a891c81ea7d153415918923612d;Shian Su <contact.shian.su+github@gmail.com>;1740670691;"Update Rhdf5lib.Rmd (#62)

Added more explicit mention of PKG_CXX_LIBS"
post;grimbough_rhdf5lib;7a5fdb1e521a3e89598c0189b3880adc647a7a9d;Mike Smith <grimbough@gmail.com>;1740670809;"Merge branch 'devel' of git.bioconductor.org:packages/Rhdf5lib into devel
"
post;grimbough_rhdf5lib;8804a01fb39b5d0a1cbeff3423be254bd17d66de;Mike Smith <grimbough@gmail.com>;1740670825;"Version bump
"
post;grimbough_rhdf5lib;61119eca932d17b675df096a603b9a604dfe1bf0;Mike Smith <grimbough@gmail.com>;1742806639;"update contact details
"
post;grimbough_rhdf5lib;6d5ed7f57cd3ac910b45f618d42cb3261024aa6c;A Wokaty <andres.wokaty@sph.cuny.edu>;1744729919;"bump x.y.z version to odd y following creation of RELEASE_3_21 branch
"
post;grimbough_rhdf5lib;e60e82a78edd3ca6494c5b44ed80521766d4ae86;A Wokaty <andres.wokaty@sph.cuny.edu>;1744729919;"bump x.y.z version to even y prior to creation of RELEASE_3_21 branch
"
post;grimbough_rhdf5lib;cc4b417e34150c415635c3054b080564fa307845;LTLA <infinite.monkeys.with.keyboards@gmail.com>;1746084186;"First attempt to switch build process to CMake.
"
pre;jmchandonia_coral;0d4b22caf1629c9eb4554663ca62d758f09264a2;John-Marc Chandonia <JMChandonia@lbl.gov>;1679613037;"Added another fix for null ptr exception
"
pre;jmchandonia_coral;cc04f830b318dc64c94e4b2480f1a4e27f9328db;John-Marc Chandonia <JMChandonia@lbl.gov>;1679613037;"Added another fix for null ptr exception
"
pre;jmchandonia_coral;d13c7e82f24bcc5a2056c1ed5bfd2124d39ccace;John-Marc Chandonia <JMChandonia@lbl.gov>;1682462337;"Fixed spelling of ""document""
"
pre;jmchandonia_coral;0383bb4584812f63770916603ff2b857e3b3d159;John-Marc Chandonia <JMChandonia@lbl.gov>;1682462337;"Fixed spelling of ""document""
"
pre;jmchandonia_coral;3a6676c76d5f9163d63346eff5dd35b080f501b7;John-Marc Chandonia <JMChandonia@lbl.gov>;1683658606;"Finished writing code to reindex bricks
"
pre;jmchandonia_coral;0f830d9798cb33c253d8ed769d1c1c69fffae019;John-Marc Chandonia <JMChandonia@lbl.gov>;1683658606;"Finished writing code to reindex bricks
"
pre;jmchandonia_coral;fd8b4736cfb29a1faf395ecca4bf2d32695c3a0f;John-Marc Chandonia <JMChandonia@lbl.gov>;1683659239;"Documented index changes for v0.1.3 and included instructions for
re-indexing bricks in an existing installation
"
pre;jmchandonia_coral;43ec73038bf83f78ba66699cb514aacc56815e5e;John-Marc Chandonia <JMChandonia@lbl.gov>;1683659239;"Documented index changes for v0.1.3 and included instructions for
re-indexing bricks in an existing installation
"
pre;jmchandonia_coral;68455fe69bf104eca0f23c6b095a4e4f7affa1fc;John-Marc Chandonia <JMChandonia@lbl.gov>;1683677118;"Fixed tests to work with API changes, and fixed bug in
retrieval of static objects as TSV
"
pre;jmchandonia_coral;56661588d2722984af327044792abbe4c15b4974;John-Marc Chandonia <JMChandonia@lbl.gov>;1683677118;"Fixed tests to work with API changes, and fixed bug in
retrieval of static objects as TSV
"
post;jmchandonia_coral;87d824584807e11f4b55fb7f5287d35592b696c6;John-Marc Chandonia <JMChandonia@lbl.gov>;1729189044;"Added personnel and fixed misspelling
"
post;jmchandonia_coral;5764a558f3d50edb0a3a295210bdadf1d721f801;John-Marc Chandonia <JMChandonia@lbl.gov>;1729538922;"Added more data types needed for MS data
"
post;jmchandonia_coral;e31b980ba5da23d8ea6e533439dc12410f1ca062;John-Marc Chandonia <JMChandonia@lbl.gov>;1730486009;"Update web_services to work with newer Flask
"
post;jmchandonia_coral;795feb4a60b887727b0970e76e704b582589fc9d;John-Marc Chandonia <JMChandonia@lbl.gov>;1733963535;"Updated back end install instructions
"
post;jmchandonia_coral;1f3c996da76dd6bbed87ce7f0b4394dbe0910082;John-Marc Chandonia <JMChandonia@lbl.gov>;1734138917;"Added more formats for sample ENIGMA data
"
post;jmchandonia_coral;8f8c9b70625e783f8d859745f06358abd1507177;John-Marc Chandonia <JMChandonia@lbl.gov>;1734567142;"Added sample ontologies for PEDOMETER project
"
post;jmchandonia_coral;c326eda8cb50ee1d9640b32886b59d60b0c6f92c;John-Marc Chandonia <JMChandonia@lbl.gov>;1736550445;"Updates to PEDOMETER microtypes
"
post;jmchandonia_coral;73ccdf58446efee13e7691734daf07d58a2fa0b1;John-Marc Chandonia <JMChandonia@lbl.gov>;1736553308;"Update ENIGMA to PEDOMETER in descriptions
"
post;jmchandonia_coral;01e04da1a322ebeacef6f947cca2d6b798450d67;John-Marc Chandonia <JMChandonia@lbl.gov>;1736554759;"More fixes to PEDOMETER ontologies
"
post;jmchandonia_coral;ac4624f88dbb74fec27bb1b0f61952f57186d781;John-Marc Chandonia <JMChandonia@lbl.gov>;1736557499;"Added plant tranformant to COMO
"
pre;kbarbary_sep;e5b3d013ea1832fa6dbbd79a08b1320b24893d49;Curtis McCully <cmccully@lco.global>;1631567915;"Merge c3a7a64c4967cc4224f246c13b1d5f18f5c927d5 into 3d7544367e05fe2568cecb2fdc8b61720e244f67
"
pre;kbarbary_sep;4de31960c350c85cf59ef6ef8bd570b73ab061ca;Michael <michael@wuertenberger.org>;1651322201;add python 3.10 and aarch64 support, update tools
pre;kbarbary_sep;827383a374f9dc3f70adf07489d8900fa7b2bc6b;Kyle Barbary <kylebarbary@gmail.com>;1654108993;"Merge pull request #139 from mworion/main

add python 3.10 and aarch64 support, update tools"
pre;kbarbary_sep;d6150a61a6c734d720f459a48dd2b8f15d92318f;Kyle Barbary <kylebarbary@gmail.com>;1654109394;"bump bugfix version to v1.2.1 for release
"
pre;kbarbary_sep;bd2070444ce05ce2a82349621d4b1302f6deeae4;Curtis McCully <cmccully@lco.global>;1654129422;"Merge c3a7a64c4967cc4224f246c13b1d5f18f5c927d5 into d6150a61a6c734d720f459a48dd2b8f15d92318f
"
pre;kbarbary_sep;16053fb4cd8d240b6f333db20f3d9b0ab8363470;Bookaflok <123209009+Bookaflok@users.noreply.github.com>;1674264480;"fix bug with improper thresh set for rel noise cases
"
pre;kbarbary_sep;623b9bdafac754f23b6a3238e9ab1eaf7f24668d;Bookaflok <123209009+Bookaflok@users.noreply.github.com>;1674265371;"Merge 16053fb4cd8d240b6f333db20f3d9b0ab8363470 into d6150a61a6c734d720f459a48dd2b8f15d92318f
"
pre;kbarbary_sep;dec581b1741113d2053b88df3394878897473e19;Yoonsoo P. Bach <ysbach93@gmail.com>;1676693071;change xrange to range
pre;kbarbary_sep;e3a884ed3cee6ae396d2a9c49d8c3c0f8b14fed6;Yoonsoo P. Bach <ysbach93@gmail.com>;1676693134;Update deprecated alias from photutils
pre;kbarbary_sep;b8238bb181395a5941f0b64ca48e7346aa0d1dba;Yoonsoo P. Bach <ysbach93@gmail.com>;1676693567;"Merge e3a884ed3cee6ae396d2a9c49d8c3c0f8b14fed6 into d6150a61a6c734d720f459a48dd2b8f15d92318f
"
post;kbarbary_sep;ddfcbcb5fbfc6abf5d37b385b773d8a6b67c578e;mworion <michael@wuertenberger.org>;1700381885;"add support python 3.12, update actions
"
post;kbarbary_sep;cf1820504c87b7fb4ba1487f220118612e859773;mworion <michael@wuertenberger.org>;1700383176;"limit 32 support to max python 3.12 and split the wheel generation
"
post;kbarbary_sep;016b25b23f55c8c9c6b2814581b271b9a2239425;Peter Watson <59647390+PJ-Watson@users.noreply.github.com>;1701098968;"Modify sep.pyx - allow a segmap array to be passed to sep.extract().
"
post;kbarbary_sep;db39dfb80333052c57856d72cc8e693f520fd196;Peter Watson <59647390+PJ-Watson@users.noreply.github.com>;1701099380;"Modify the corresponding headers.
"
post;kbarbary_sep;63758634696c3dc932ebae1b970150820868e218;Peter Watson <59647390+PJ-Watson@users.noreply.github.com>;1701101634;"Modify extract.c - analyse objects in existing segmap.
"
post;kbarbary_sep;9fc8c81c54edc782f89ab014695b4f604f06f711;Peter Watson <59647390+PJ-Watson@users.noreply.github.com>;1701104162;"Detailed changes, some formatting fixes.
"
post;kbarbary_sep;cda30111ff20ea82220e799c741bc2fab0b89441;Peter Watson <59647390+PJ-Watson@users.noreply.github.com>;1701186760;"Swap to 64-bit integers.
"
post;kbarbary_sep;1b49dad1010d679b79ef2b1b019b83d0fc16efe1;Peter Watson <59647390+PJ-Watson@users.noreply.github.com>;1701446249;"Bug fix, update version and documentation.
"
post;kbarbary_sep;8f52e1e2eb1c73d0b9ade7a78c43b82d61bf76c0;Peter Watson <59647390+PJ-Watson@users.noreply.github.com>;1701958133;"PR#127, cmccully - Added back in a loop over objects in the deblending.
"
post;kbarbary_sep;dd4710ceb824e8bfb51d98c7bf5a7524c300a76c;Peter Watson <59647390+PJ-Watson@users.noreply.github.com>;1701960108;"PR#146, Bookaflok - Fix bug with improper cluster threshold set for variable threshold situations
"
pre;luispedro_mahotas;c9fdcf1ee60e47443d7614bd678ee3b484fb2529;luispedro <luispedro@aefda55c-906e-44a7-9c68-9e5aac1d08f5>;1218683582;"Extra check

git-svn-id: file:///home/luispedro/svnroot/morph/trunk@21 aefda55c-906e-44a7-9c68-9e5aac1d08f5
"
pre;luispedro_mahotas;77a0d82314a8219bc8965af30072ab8f3bfd01b5;luispedro <luispedro@aefda55c-906e-44a7-9c68-9e5aac1d08f5>;1218742827;"Module help

git-svn-id: file:///home/luispedro/svnroot/morph/trunk@22 aefda55c-906e-44a7-9c68-9e5aac1d08f5
"
pre;luispedro_mahotas;1efe91e3e5534409b3f6a89ae3886025c2c5d8e5;luispedro <luispedro@aefda55c-906e-44a7-9c68-9e5aac1d08f5>;1218749222;"Who doesn't like unit tests?


git-svn-id: file:///home/luispedro/svnroot/morph/trunk@23 aefda55c-906e-44a7-9c68-9e5aac1d08f5
"
pre;luispedro_mahotas;7002610a56732be2be3efa1370b7720d2b558335;luispedro <luispedro@aefda55c-906e-44a7-9c68-9e5aac1d08f5>;1218749300;"Tidy up the code


git-svn-id: file:///home/luispedro/svnroot/morph/trunk@24 aefda55c-906e-44a7-9c68-9e5aac1d08f5
"
pre;luispedro_mahotas;1e2b4a8d52a0441ed0b5893611c2c9ca80170978;luispedro <luispedro@aefda55c-906e-44a7-9c68-9e5aac1d08f5>;1218750564;"It's nice to have a Makefile for vim development

git-svn-id: file:///home/luispedro/svnroot/morph/trunk@25 aefda55c-906e-44a7-9c68-9e5aac1d08f5
"
pre;luispedro_mahotas;026e3dc969b40e4bb3eedb18d254ddbaec8bd26a;luispedro <luispedro@aefda55c-906e-44a7-9c68-9e5aac1d08f5>;1218753179;"Add morph

git-svn-id: file:///home/luispedro/svnroot/morph/trunk@26 aefda55c-906e-44a7-9c68-9e5aac1d08f5
"
pre;luispedro_mahotas;03323ae2ef87c478c46c8315b3a8bafa1278ca5c;luispedro <luispedro@aefda55c-906e-44a7-9c68-9e5aac1d08f5>;1218753231;"Add return_lines parameter to cwatershed


git-svn-id: file:///home/luispedro/svnroot/morph/trunk@27 aefda55c-906e-44a7-9c68-9e5aac1d08f5
"
pre;luispedro_mahotas;e5fcacbf44d1c5754b2b2c4a6877cf4b264964e6;luispedro <luispedro@aefda55c-906e-44a7-9c68-9e5aac1d08f5>;1219098779;"Hide PyArray_GetPtr under array_base::raw_data()

git-svn-id: file:///home/luispedro/svnroot/morph/trunk@28 aefda55c-906e-44a7-9c68-9e5aac1d08f5
"
pre;luispedro_mahotas;1fca7ac4fa039a604225a33412d2a20cf1574dcc;luispedro <luispedro@aefda55c-906e-44a7-9c68-9e5aac1d08f5>;1219100319;"Implement it const-correctly


git-svn-id: file:///home/luispedro/svnroot/morph/trunk@29 aefda55c-906e-44a7-9c68-9e5aac1d08f5
"
pre;luispedro_mahotas;7e99b342bc41b0b9b984cdda4f99009c7fc67cac;luispedro <luispedro@aefda55c-906e-44a7-9c68-9e5aac1d08f5>;1219768669;"Fix watershed

git-svn-id: file:///home/luispedro/svnroot/morph/trunk@30 aefda55c-906e-44a7-9c68-9e5aac1d08f5
"
post;luispedro_mahotas;816ddf1b8da2974faa0928e893646e6643ce480c;luispedro <luispedro@aefda55c-906e-44a7-9c68-9e5aac1d08f5>;1239651108;"Document cwatershed.

Also, make it more flexible in terms of input types
by converting when needed.


git-svn-id: file:///home/luispedro/svnroot/morph/trunk@31 aefda55c-906e-44a7-9c68-9e5aac1d08f5
"
post;luispedro_mahotas;67812bc1cb017bac8a1343b91b2afb66bb846816;luispedro <luispedro@aefda55c-906e-44a7-9c68-9e5aac1d08f5>;1239673194;"Add missing #includes

git-svn-id: file:///home/luispedro/svnroot/morph/trunk@32 aefda55c-906e-44a7-9c68-9e5aac1d08f5
"
post;luispedro_mahotas;73392f79de46431842249b006de822c1c7f13c05;luispedro <luispedro@aefda55c-906e-44a7-9c68-9e5aac1d08f5>;1239673638;"Simple watershed test

git-svn-id: file:///home/luispedro/svnroot/morph/trunk@33 aefda55c-906e-44a7-9c68-9e5aac1d08f5
"
post;luispedro_mahotas;577b1bc35eaf7377461652a0baf2c217a3c67d58;luispedro <luispedro@aefda55c-906e-44a7-9c68-9e5aac1d08f5>;1239673897;"Fix for int32 type. Test multiple types


git-svn-id: file:///home/luispedro/svnroot/morph/trunk@34 aefda55c-906e-44a7-9c68-9e5aac1d08f5
"
post;luispedro_mahotas;8a6e717396123e412394d48de75ccaaa6a938263;Luís Pedro Coelho <lpc@cmu.edu>;1239677432;"GPL template
"
post;luispedro_mahotas;71281127d1292606d2832f67f7eb58bee40955ac;Luís Pedro Coelho <lpc@cmu.edu>;1239677458;"Ignore pyc files
"
post;luispedro_mahotas;4b7a6437f63cc28a627f3c449464629a4856a5a9;Luís Pedro Coelho <lpc@cmu.edu>;1241129444;"Fix naming for nose
"
post;luispedro_mahotas;27121e67c35c7b80b12b9d1bec806507a3033ac3;Luís Pedro Coelho <lpc@cmu.edu>;1241737341;"Fix deprecation warnings
"
post;luispedro_mahotas;28626413418249ce24e7bbb964c3416249826c12;Luís Pedro Coelho <lpc@cmu.edu>;1243635153;"Implement close_holes():

About 200x faster than the Python implementation in pymorph
"
post;luispedro_mahotas;bdbf1a560306e6f1db09ac38c34c835518344e0f;Luís Pedro Coelho <lpc@cmu.edu>;1243636212;"We can use a stack (faster than queue)
"
pre;mouseland_rastermap;9bdfa33de2999639d00e77048df3b30fdae6db30;carsen <carsen.stringer@gmail.com>;1618929738;"Merge branch 'dev' of https://github.com/MouseLand/rastermap into dev
"
pre;mouseland_rastermap;aef04a2107e71ae2bd373f2568ece2f606364f86;Atika.Syeda <syeda.atika@ucalgary.ca>;1618937297;"accepts behav binary input
"
pre;mouseland_rastermap;a6534faa1d7081580db038b94dba07d951f91fb3;Atika.Syeda <syeda.atika@ucalgary.ca>;1618937453;"Merge branch 'dev' of https://github.com/MouseLand/rastermap into dev
for pushing changes
"
pre;mouseland_rastermap;f1008a08677988df4c9084959b5574a8321e6168;Atika.Syeda <syeda.atika@ucalgary.ca>;1619002303;"sort selected time range
"
pre;mouseland_rastermap;1e22f497c429f625ebe9d949f692481ab7eabe1d;Atika.Syeda <syeda.atika@ucalgary.ca>;1619074095;"load npy and mat data
"
pre;mouseland_rastermap;6e1be0b61a5fc1e92e36d6834d94bec4bf37f8ee;Atika.Syeda <syeda.atika@ucalgary.ca>;1619180876;"addded status bar
"
pre;mouseland_rastermap;a063bfd7f539b1901d9b3a0c11e13211fcb3197b;carsen <carsen.stringer@gmail.com>;1632769538;"adding time delay update
"
pre;mouseland_rastermap;0bda99e794ba424617cc61037f8b2bed2e1b7609;carsen <carsen.stringer@gmail.com>;1632769563;"Merge branch 'dev' of https://github.com/MouseLand/rastermap into dev
"
pre;mouseland_rastermap;8093092e4ca253820d51a103d1e79340d50e6437;carsen <carsen.stringer@gmail.com>;1632832449;"adding data loader
"
pre;mouseland_rastermap;d5785f1edfe1e40aa6b18bf2710834d3b957d6a8;carsen <carsen.stringer@gmail.com>;1634650114;"allowing output for visualization
"
post;mouseland_rastermap;fcfa929a352afbde1efaccfb8f708d97ef7c0a43;Sean Martin <seankieran.m@hotmail.com>;1652199697;"Fix rastermap tutorial notebook
"
post;mouseland_rastermap;60d45db75d6af193a459c2b829e907050c6e0640;NunezKant <35149535+NunezKant@users.noreply.github.com>;1669934491;"Update environment.yml

pip installation expects == and >= , when you directly create the environment from the yml"
post;mouseland_rastermap;4b9977261b06df33ed0ecdf17b7dfed527882e8c;Carsen Stringer <carsen.stringer@gmail.com>;1675533873;"fixing rastermap gui
"
post;mouseland_rastermap;ee9804494378ab5d3f94b5a7f4e60ef2db2eb3f2;Carsen Stringer <carsen.stringer@gmail.com>;1677236318;"updating gui
"
post;mouseland_rastermap;c1af102e752da22708d0752b7ffe61bce507e3c7;unknown <carsen.stringer@gmail.com>;1679970627;"adding new drawing method
"
post;mouseland_rastermap;e9c2c2e40a371909432c5843d386f1e7c1be3db8;Carsen Stringer <carsen.stringer@gmail.com>;1680024375;"fixing and breaking gui clusters
"
post;mouseland_rastermap;9b21f9e5e19e7f6123e04428f18352eabe05e570;unknown <carsen.stringer@gmail.com>;1680093019;"new 3d viewer of data
"
post;mouseland_rastermap;a1537ed2e6915401a9767ea179e72505c0c8a283;unknown <carsen.stringer@gmail.com>;1680094170;"adding 3d viewer
"
post;mouseland_rastermap;37b91293cb290a1ca4e9a4c1d2d052df80b1392f;Carsen Stringer <carsen.stringer@gmail.com>;1680094216;"remove auto-load
"
post;mouseland_rastermap;6d5668083591b9b8bb86c4471afe1a241a1516ca;Carsen Stringer <carsen.stringer@gmail.com>;1680875632;"fixing more bugs
"
pre;sentinel-hub_sentinelhub-py;1479335085c75a465b5e3113e0807bb51d306994;Matic Lubej <matic.lubej@sinergise.com>;1731009043;"make mypy happy
"
pre;sentinel-hub_sentinelhub-py;ffed1af7ba19da68d73c6bafa79d777be6ff557a;Matic Lubej <matic.lubej@sinergise.com>;1731009773;"fix type hints
"
pre;sentinel-hub_sentinelhub-py;e4c0b2b30da681fffdba927cca3b7331a3f33f6c;Matic Lubej <matic.lubej@sinergise.com>;1731010356;"make pylint happy
"
pre;sentinel-hub_sentinelhub-py;bf13658338177fc190bb86679dd808a7729a70c1;Matic Lubej <matic.lubej@sinergise.com>;1741013691;"update mirror link
"
pre;sentinel-hub_sentinelhub-py;7c21bcd47d5559704096f09af5ac826dec127a19;Matic Lubej <matic.lubej@planet.com>;1741070426;"update mirror link (#558)

Co-authored-by: Matic Lubej <matic.lubej@sinergise.com>"
pre;sentinel-hub_sentinelhub-py;603a219a7d4f29b5b66c8ab3ef7c923394c8dbb2;Daniele Zanaga <daniele.zanaga@vito.be>;1741598422;"Use XDG_CONFIG_HOME for config folder

Retrieve the default folder for storing config files from the XDG_CONFIG_HOME env var if present. Fall back to ""~/.config"" if the env var is not declared.

This allows customization of the config folder. For example when running on a YARN cluster, ~ expands to /home/ and attempting to save the config raises a permission error."
pre;sentinel-hub_sentinelhub-py;5ff1269e0a7d7c2d2238af4252e24b39aa9be342;Daniele Zanaga <daniele.zanaga@vito.be>;1741598532;"Merge pull request #1 from dzanaga/config_folder

Use XDG_CONFIG_HOME for config folder"
pre;sentinel-hub_sentinelhub-py;119ddf100a3d255d0b6f5f286ed5f266c36cfb2f;Matic Lubej <matic.lubej@sinergise.com>;1741605172;"Merge remote-tracking branch 'origin/master' into develop
"
pre;sentinel-hub_sentinelhub-py;c6560bf47164189c3fe61cd70ae9fb4283597f1e;Matic Lubej <matic.lubej@planet.com>;1741606584;Merge branch 'develop' into master
pre;sentinel-hub_sentinelhub-py;085d14bfa3590919c3186d1a4697df7b927ee7ad;Daniele Zanaga <daniele.zanaga@vito.be>;1741607163;"Use XDG_CONFIG_HOME for config folder (#559)

Retrieve the default folder for storing config files from the XDG_CONFIG_HOME env var if present. Fall back to ""~/.config"" if the env var is not declared.

This allows customization of the config folder. For example when running on a YARN cluster, ~ expands to /home/ and attempting to save the config raises a permission error."
post;sentinel-hub_sentinelhub-py;c3b0be652e8f4fcc9d68b25add3fb3a4e2edb45b;ziga.luksic <ziga.luksic@planet.com>;1756902231;"remove FIS test cases
"
post;sentinel-hub_sentinelhub-py;49e6c6950e279ecaed9194c0e02d8220863b067c;Matic Lubej <matic.lubej@planet.com>;1757427678;"fix tests with catalog and removed collections
"
post;sentinel-hub_sentinelhub-py;95f95fa962076cd9856e0b051f05ad183888bdea;Matic Lubej <matic.lubej@planet.com>;1757427687;"fix notebook linting
"
post;sentinel-hub_sentinelhub-py;bcd5454a1f69abb1798986fc8c7d3ee203980fc8;Matic Lubej <matic.lubej@planet.com>;1757427894;"set max-positional-arguments to 10
"
post;sentinel-hub_sentinelhub-py;baff354a72285cf485f7ab321fd87f716e58c57d;Matic Lubej <matic.lubej@planet.com>;1757428381;"reset notebook
"
post;sentinel-hub_sentinelhub-py;67f104ba3ade07c9afaff5d726478bb256ccf5bb;Matic Lubej <matic.lubej@planet.com>;1757428419;"remove FIS notebook
"
post;sentinel-hub_sentinelhub-py;6df89b58eca941579b22874d12fa2086cd15b736;Matic Lubej <matic.lubej@planet.com>;1757429919;"revert second notebook
"
post;sentinel-hub_sentinelhub-py;868dcaf7867603192656c10715207414ee4b72ce;Matic Lubej <matic.lubej@planet.com>;1757489674;"remove fis stuff from docs
"
post;sentinel-hub_sentinelhub-py;d4d9fdeef72673ba0ea3fd0f516e6e136ffb6d8c;Matic Lubej <matic.lubej@planet.com>;1757491884;"update tile ID
"
post;sentinel-hub_sentinelhub-py;9d4bdb044461e3e3c3e1680c58f279db66ea4d7d;Matic Lubej <matic.lubej@planet.com>;1757495315;"Fix tests in develop (#564)

* fix tests with catalog and removed collections

* fix notebook linting

* set max-positional-arguments to 10

* reset notebook

* remove FIS notebook

* revert second notebook

* remove fis stuff from docs

* update tile ID"
pre;volkamerlab_opencadd;c2bc94a32c655950be44e9024c78695ccd87c919;pipaj97 <61475289+pipaj97@users.noreply.github.com>;1687695559;"comment out superposition by opencadd for mmligner
"
pre;volkamerlab_opencadd;290d0b3eb1bfa57e7d926172b603415dd301a1a7;pipaj97 <61475289+pipaj97@users.noreply.github.com>;1687695674;"Merge c2bc94a32c655950be44e9024c78695ccd87c919 into c76e87c4fdcb822dfc025e6cb87c34c9e17505d2
"
pre;volkamerlab_opencadd;527fd522c2e039ae65f83cebcf2ddb2e3f18d22e;Armin Ariamajd <80158628+AAriam@users.noreply.github.com>;1706612607;Update ci.yaml
pre;volkamerlab_opencadd;3ba193bce82d43aa672735c8fff4c29cdb1a1d34;Armin Ariamajd <80158628+AAriam@users.noreply.github.com>;1706613406;Update ci.yaml
pre;volkamerlab_opencadd;ad552f40570735cc0e1ecfab28cf4d9163c01944;Armin Ariamajd <80158628+AAriam@users.noreply.github.com>;1706614354;Update ci.yaml
pre;volkamerlab_opencadd;fb35568136f082ae53c1a19ef2c0474e7b5ff8f2;Armin Ariamajd <80158628+AAriam@users.noreply.github.com>;1706614607;Update ci.yaml
pre;volkamerlab_opencadd;00260a1ab71a25ce935ecbb37eb11e5d66eb39cd;Dominique Sydow <dominiquesydow@users.noreply.github.com>;1708882026;"future deprectation pandas: do not use inplace on copy
"
pre;volkamerlab_opencadd;00a497a4c1b61ae01eb191b043e6189de0e564b5;Dominique Sydow <dominiquesydow@users.noreply.github.com>;1708882065;"fix: chunk list of IDs in request to avoid HTTPURITooLong
"
pre;volkamerlab_opencadd;cb3a39f78c47ee10fe6cf2ac92096eb83678fc86;Dominique Sydow <dominiquesydow@users.noreply.github.com>;1708882644;"chore: fix formatting with black
"
pre;volkamerlab_opencadd;f6f87003e2d5c11ae89fac9daa85e5d6fcd8c9e4;pipaj97 <61475289+pipaj97@users.noreply.github.com>;1708882668;"Merge cb3a39f78c47ee10fe6cf2ac92096eb83678fc86 into c76e87c4fdcb822dfc025e6cb87c34c9e17505d2
"
post;volkamerlab_opencadd;eb0d5bb200c4c7940fa32b6d42180a0d49272b9c;Armin Ariamajd <armin.ariam@fu-berlin.de>;1739813693;maint: Add workflow_dispatch trigger to CI
post;volkamerlab_opencadd;7aa1f6aebe85c539a4837a5f9b72fb833a4a64ef;AndreaVolkamer <a.volkamer2202@gmail.com>;1741896313;Update .github/workflows/ci.yaml
post;volkamerlab_opencadd;b6ec5c2a550dc602faba93778f75b98b79b5eb66;AndreaVolkamer <a.volkamer2202@gmail.com>;1741896588;Update opencadd/structure/superposition/sequences.py
post;volkamerlab_opencadd;9aaf3ceeacc1f2da6ea43e0190b700e918f91f39;AndreaVolkamer <a.volkamer2202@gmail.com>;1741897154;Update ci.yaml
post;volkamerlab_opencadd;664b98dfda1a395f4784f4ea845edfa5ee462499;pipaj97 <61475289+pipaj97@users.noreply.github.com>;1741897157;"Merge 9aaf3ceeacc1f2da6ea43e0190b700e918f91f39 into c76e87c4fdcb822dfc025e6cb87c34c9e17505d2
"
post;volkamerlab_opencadd;b25f3cd2d12dc68e36262eb7ce67b36816a12cef;Armin Ariamajd <armin.ariam@fu-berlin.de>;1741957802;Update ci.yaml
post;volkamerlab_opencadd;85a30054028cdbbfef5b9726083cf311f7f93bab;AAriam <80158628+AAriam@users.noreply.github.com>;1741957986;"Update .gitignore
"
post;volkamerlab_opencadd;0bac78a60008c42349f8a59087c02fdeae28cda4;AAriam <80158628+AAriam@users.noreply.github.com>;1741958602;"Update ci.yaml
"
post;volkamerlab_opencadd;85ed641ea8ac031d2c014d6077752fb99080f96a;AAriam <80158628+AAriam@users.noreply.github.com>;1741958932;"Update ci.yaml
"
post;volkamerlab_opencadd;57eafc2d4bd1970742773fbd40764fc47dc480e0;Armin Ariamajd <armin.ariam@fu-berlin.de>;1744812947;"Update GHA actions in CI pipeline (#164)

"
